Topic Cluster,Topic,Keywords,Word Count,Slug
Programming Careers,Programming Side Hustles,"Side hustles, programming",1000,programming-side-hustles
Programming Careers,Tech Job Locations,"Software engineer, cities",1000,tech-job-locations
Programming Careers,Crafting CS Resumes,"Resume, computer science",1000,crafting-cs-resumes
Programming Careers,Role of Math in Software Development,"Math, software development",1000,role-of-math-in-software-dev
Programming Careers,Physics and Software Engineering,"Physics, software engineering",1000,physics-and-software-eng
Programming Careers,Breaking into Tech with an Associate's Degree,"Associate's degree, computer science",1000,breaking-into-tech-associate-degree
Programming Careers,GPT-4 and Software Engineering,"GPT-4, coding",1000,gpt-4-software-engineering
Programming Careers,Software Engineers and ADHD,"ADHD, software engineers",1000,software-engineers-adhd
Programming Careers,Freelancing in Programming,"Freelancing, programming",1000,freelancing-in-programming
Programming Careers,SaaS Development Opportunities,"SaaS, development",1000,saas-development-opportunities
Programming Careers,Educational Services in Programming,"Education, programming",1000,educational-services-programming
Programming Careers,Blogging About Tech,Tech blogging,1000,blogging-about-tech
Programming Careers,Plugin Development in Tech,"Plugin, tech",1000,plugin-development-tech
Programming Careers,Video Game Development Insights,Game development,1000,video-game-development-insights
Programming Careers,Bug Bounties in Tech,"Bug bounties, tech",1000,bug-bounties-tech
Programming Careers,Freelance Programming Work,"Freelance, coding",1000,freelance-programming-work
Programming Careers,Open Source Development,"Open source, tech",1000,open-source-development
Programming Careers,Content Creation in Tech,"Content creation, tech",1000,content-creation-tech
Programming Careers,Investing as a Programmer,"Investing, programming",1000,investing-programmer
Programming Careers,Digital Assets in Programming,"Digital assets, coding",1000,digital-assets-programming
Programming Careers,Part-Time Programming Jobs,"Part-time, tech jobs",1000,part-time-programming-jobs
Programming Careers,Selling APIs,"APIs, sales",1000,selling-apis
Programming Careers,Selling Physical Tech Products,"Tech products, sales",1000,selling-physical-tech-products
Programming Careers,Mobile App Development Trends,App development,1000,mobile-app-development-trends
Programming Careers,Participating in Hackathons,"Hackathons, participation",1000,participating-in-hackathons
