Topic,Description of Page,Slug,Keywords
Software Testing and Quality Assurance,"Comprehensive coverage of software testing methodologies, automated testing, and QA processes.",/software-testing-quality-assurance,"""software testing methods"", ""automated testing tutorial"", ""QA in software development"", ""testing best practices"""
Web Development Technologies,"Overview of web development technologies including HTML, CSS, JavaScript, and web frameworks.",/web-development-technologies,"""web development basics"", ""HTML guide"", ""CSS styling techniques"", ""JavaScript for beginners"""
Cloud Computing and Virtualization,"Examination of cloud services, SaaS, PaaS, IaaS, and virtualization technologies.",/cloud-computing-virtualization,"""cloud computing fundamentals"", ""SaaS vs PaaS vs IaaS"", ""virtualization in cloud"", ""cloud technology guide"""
Artificial Intelligence and Machine Learning,"Detailed look into AI and ML concepts, tools, and their application in modern software.",/ai-machine-learning,"""AI basics for beginners"", ""machine learning tutorial"", ""AI in software"", ""learning machine learning"""
Mobile App Development,Insights into mobile application development for iOS and Android platforms.,/mobile-app-development,"""iOS app development"", ""Android app creation"", ""mobile development guide"", ""cross-platform app development"""
Software Project Management,Best practices and tools for effective software project management.,/software-project-management,"""software project management tools"", ""effective project management"", ""IT project planning"", ""agile project management"""
Human-Computer Interaction (HCI),"Study of HCI principles, user experience (UX) design, and usability testing.",/human-computer-interaction,"""HCI basics"", ""user experience design"", ""usability testing in software"", ""UX design principles"""
Game Development Technologies,"Exploration of game development tools, graphics programming, and interactive media design.",/game-development-technologies,"""game development basics"", ""graphics programming tutorial"", ""interactive media design"", ""video game creation"""
Systems Analysis and Design,In-depth guide to systems analysis methodologies and design techniques in software engineering.,/systems-analysis-design,"""systems analysis fundamentals"", ""software design techniques"", ""IT systems planning"", ""software system design"""
Open Source Software Development,"Covering the culture, tools, and impact of open source software in the industry.",/open-source-software-development,"""open source development"", ""contributing to open source"", ""open source tools"", ""open source software impact"""
