Title,Slug
Maximizing Efficiency with AI: Essential Tools for SMBs,maximizing-efficiency-with-ai-essential-tools-for-smbs
How AI Can Transform Your Business Operations,how-ai-can-transform-your-business-operations
The Benefits of Automation for Small Businesses,the-benefits-of-automation-for-small-businesses
Implementing AI Solutions on a Budget,implementing-ai-solutions-on-a-budget
Step-by-Step Guide to Integrating AI into Your Business,step-by-step-guide-to-integrating-ai-into-your-business
AI and ROI: Understanding the Financial Benefits for SMEs,ai-and-roi-understanding-the-financial-benefits-for-smes
Custom AI Solutions: Tailoring Technology to Fit Your Needs,custom-ai-solutions-tailoring-technology-to-fit-your-needs
Overcoming the Challenges of Adopting AI in Small Businesses,overcoming-the-challenges-of-adopting-ai-in-small-businesses
Predictive Analytics: A Game Changer for SMEs,predictive-analytics-a-game-changer-for-smes
The Future of Work: AI's Role in Small Business Growth,the-future-of-work-ais-role-in-small-business-growth
"1. ""Leveraging AI for Customer Service in Small Businesses""",leveraging-ai-for-customer-service-in-small-businesses
"2. ""AI-Driven Marketing Strategies for SMEs""",ai-driven-marketing-strategies-for-smes
"3. ""Using Machine Learning to Optimize Inventory Management""",using-machine-learning-to-optimize-inventory-management
"4. ""AI for Enhanced Business Decision Making""",ai-for-enhanced-business-decision-making
"5. ""Automating Financial Processes with AI in SMEs""",automating-financial-processes-with-ai-in-smes
"6. ""The Role of Chatbots in Enhancing SME Customer Interactions""",the-role-of-chatbots-in-enhancing-sme-customer-interactions
"7. ""Data Security in the Age of AI: What SMEs Need to Know""",data-security-in-the-age-of-ai-what-smes-need-to-know
"8. ""AI and Small Business: Building a Scalable Business Model""",ai-and-small-business-building-a-scalable-business-model
"9. ""Effective AI Training Strategies for SME Teams""",effective-ai-training-strategies-for-sme-teams
"10. ""The Impact of AI on Supply Chain Management for SMEs""",the-impact-of-ai-on-supply-chain-management-for-smes
"11. ""Innovations in AI: Opportunities for Small Business Growth""",innovations-in-ai-opportunities-for-small-business-growth
"12. ""How to Implement AI Ethics in Small Business Practices""",how-to-implement-ai-ethics-in-small-business-practices
"13. ""Using AI to Enhance Product Development in SMEs""",using-ai-to-enhance-product-development-in-smes
"14. ""Cost-Effective AI Tools for Small Business Productivity""",cost-effective-ai-tools-for-small-business-productivity
"15. ""Navigating the AI Landscape: A Primer for SME Owners""",navigating-the-ai-landscape-a-primer-for-sme-owners
"16. ""The Benefits of AI-Powered Analytics for Small Businesses""",the-benefits-of-ai-powered-analytics-for-small-businesses
"17. ""How AI is Revolutionizing Customer Loyalty Programs for SMEs""",how-ai-is-revolutionizing-customer-loyalty-programs-for-smes
"18. ""Practical AI Applications for Everyday Business Tasks""",practical-ai-applications-for-everyday-business-tasks
"19. ""Building an AI-Ready Culture in Small Businesses""",building-an-ai-ready-culture-in-small-businesses
"20. ""The Evolution of SMEs with AI Integration""",the-evolution-of-smes-with-ai-integration