Topic Cluster,Topic,Keywords,Word Count,Slug
Programming Careers,SaaS Development Opportunities,"SaaS, development",1000,saas-development-opportunities
Programming Careers,Educational Services in Programming,"Education, programming",1000,educational-services-programming
Programming Careers,Blogging About Tech,Tech blogging,1000,blogging-about-tech
Programming Careers,Plugin Development in Tech,"Plugin, tech",1000,plugin-development-tech
Programming Careers,Bug Bounties in Tech,"Bug bounties, tech",1000,bug-bounties-tech
Programming Careers,Freelance Programming Work,"Freelance, coding",1000,freelance-programming-work
Programming Careers,Open Source Development,"Open source, tech",1000,open-source-development
Programming Careers,Content Creation in Tech,"Content creation, tech",1000,content-creation-tech
Programming Careers,Investing as a Programmer,"Investing, programming",1000,investing-programmer
Programming Careers,Digital Assets in Programming,"Digital assets, coding",1000,digital-assets-programming
Programming Careers,Part-Time Programming Jobs,"Part-time, tech jobs",1000,part-time-programming-jobs
Programming Careers,Selling APIs,"APIs, sales",1000,selling-apis
Programming Careers,Selling Physical Tech Products,"Tech products, sales",1000,selling-physical-tech-products
Programming Careers,Mobile App Development Trends,App development,1000,mobile-app-development-trends
Programming Careers,Participating in Hackathons,"Hackathons, participation",1000,participating-in-hackathons